Name,Emission from Bioenergy (gCO2/h),Emission from Coal (gCO2/h),Emission from Gas (gCO2/h),Emission from Hydro (gCO2/h),Emission from Nuclear (gCO2/h),Emission from Oil (gCO2/h),Emission from Solar (gCO2/h),Emission from Wind (gCO2/h),Total (gCO2/h)
Frontier,58537.18332333076,2969348.2014097264,4735235.449900566,30111.272270272137,49894.80029653684,106179.68722420292,61293.35059836901,26223.942756616176,8036823.8877796205
Aurora,99416.00077381945,5042960.838387874,8042036.606908366,51139.1580081194,84738.30176439435,180329.13898400796,104096.90806029577,44537.153401866286,13649254.106288742
Supercomputer Fugaku,334101.0543517079,7920471.260285541,4811890.641805211,52244.51693698134,27414.388071553276,606238.8891081476,154857.30782567506,3097.4234628666695,13910315.481847683
LUMI,226636.70343186366,115325.60110220421,23116.74792084164,32279.774609218424,36231.96408817635,125508.71993987956,2777.2142284568927,14976.038713677346,576852.7640343182
Alps,3538.8658484976636,0.0,17950.76879672716,67787.96445196783,21268.363944138808,53632.50105797709,14735.74947101141,143.2398081534723,179057.4533784734
Leonardo,109027.0962068703,325286.19285551045,1654872.8154619546,25986.365657704315,0.0,266096.5487089647,42479.55714525094,7715.915207174956,2431464.4912434304
MareNostrum 5 ACC,20779.853271547658,49305.51325301203,477754.6974606116,7404.152496756249,10508.642224281739,99258.56607970342,33361.23883595922,11370.40947358665,709743.0730954586
Summit,25936.601546227834,1315656.080112025,2098083.7839987758,13341.674924983214,22107.34239418222,47045.99851731557,27157.80161683198,11619.280526235272,3560948.563636577
Venado,4268.569634624185,216526.8099278662,345296.4612696955,2195.7336375895757,3638.3614205528274,7742.692131182254,4469.551152186957,1912.2670309010243,586050.4462045985
Sierra,19108.924777067707,969316.3933811086,1545774.0341563404,9829.547718007541,16287.69837398947,34661.38172061986,20008.650218943047,8560.564773443471,2623547.19511952
Sunway TaihuLight,69906.14566804674,7650147.117602348,244913.2154776262,48558.99607488274,8476.580215421598,71678.11205348183,45561.22867904417,16553.7977179772,8155795.193488829
Perlmutter,7565.698450241775,383776.46156199614,612010.3747896588,3891.762346877532,6448.70476930137,13723.302855932487,7921.922123768838,3389.340446688082,1038727.567344465
Selene,6797.568115225717,344812.39975994633,549874.1771454795,3496.639446464499,5793.980583895221,12330.003177180766,7117.625106788573,3045.2274437815504,933267.6207787622
Tianhe-2A,84054.73841889531,9198491.902122607,294482.209905503,58387.051295034995,10192.190198518118,86185.34037944513,54782.55340876289,19904.189019820093,9806480.174748586
CEA-HE,5129.826301764209,4158.328762327088,36156.94092703892,2997.0393884577206,9456.253720021006,13677.971640310387,2621.212114138994,1312.4255606776758,75509.99841473601
ISEG,20505.116659844443,74877.44576340557,244105.44412607444,15.5611952517384,518.7065083913212,33521.40810478912,10970.642652476461,3600.201391731477,388114.5264019646
Adastra,3916.3482523195394,3174.661796113642,27603.89223317964,2288.079416467291,7219.344389333021,10442.40042014351,2001.1553760868271,1001.9667818171207,57647.848665460595
JUWELS Booster Module,36992.735616791135,387894.93678559404,130152.24707304027,1633.9629041779745,366.9706214465417,42212.1063412508,10327.182379999604,5517.962486776679,615098.104209077
MareNostrum 5 GPP,28744.23955514355,68203.05542168672,660865.853716404,10241.974776645035,14536.336014828541,137301.8357738647,46147.74841890639,15728.396609823903,981769.4402873028
Shaheen III - CPU,0.0,0.0,1628061.22982975,0.0,0.0,1143662.125263701,2598.9900062828447,209.03621663405482,2774531.3813163675
HPC5,32767.02357757636,97761.57232081646,497355.78079823294,7809.947121639119,0.0,79972.70576586179,12766.813929469106,2318.9425776906087,730752.7860912863
Crossroads,16143.350814417248,818885.1424699638,1305880.5141746977,8304.069381720608,13759.959384332962,29282.17319165457,16903.445043386157,7232.023879914331,2216390.678340087
Setonix – GPU,1339.952941176464,181307.00728291314,36346.22352941176,655.8278991596634,0.0,5649.025210084013,3904.173445378151,660.6047759103637,229862.81508403356
Discovery 5,2476.5138560383944,125623.26279991996,200332.08872571512,1273.9079464821532,2110.883326861297,4492.110001059054,2593.1181417022613,1109.4479424812603,340011.3327402595
TSUBAME4.0,8180.21125790568,193926.73961184395,117815.49769809868,1279.1674256790745,671.2205274738277,14843.300016773357,3791.5638886641455,75.83806740930031,340583.538493848
CEA-HF,21078.061018070046,17086.252482931508,148566.08435743308,12314.603923673913,38855.017926124754,56201.73157495457,10770.358611192143,5392.655505728346,310264.76540010836
ABCI 2.0,17882.353468638663,423933.61191108124,257550.60688498386,2796.324365028463,1467.3218513877496,32448.20080709606,8288.549466310145,165.78583181221688,744532.7545863384
Wisteria/BDEC-01 (Odyssey),16403.77855176562,388881.3126658839,236255.4307308265,2565.1145819972153,1345.9985989284746,29765.271186273378,7603.2234906414305,152.07808507069484,682972.2078913872
Piz Daint,1624.4716038933516,0.0,8240.073353082164,31117.20761743546,9762.973440541684,24619.32120186201,6764.259399068971,65.75242206234786,82194.05903794599
Trinity,19468.122046104312,987536.9790706157,1574830.4995563712,10014.317229498345,16593.864044904145,35312.92406537928,20384.759947753017,8721.480760287592,2672862.946720914
Hawk,81898.70682462012,858765.732700727,288145.7818102577,3617.452092157133,812.4411141266655,93453.94072782737,22863.485707720043,12216.29015640167,1361773.8311338378
Frontier TDS,792.9982334874809,40225.50701356774,64147.83106623832,407.9148391287459,675.920607194549,1438.4071733681628,830.3357966604295,355.25351751567985,108874.1682471611
Helios GPU,3511.3120711111055,158630.4096711111,13571.853037037035,107.26035911111109,0.0,5824.958577777771,1103.2494079999994,497.9757463703702,183247.01887051848
Pégaso,17896.37230432709,20416.951400768317,27083.551417594423,14992.419529431558,252.20275386297948,9438.049300316847,3595.8446395019446,1594.749333968983,95270.14067977214
Guru,22784.735668115663,891797.7095035737,444997.8332437843,476.5378791579111,11623.016460704343,22120.373174424723,7565.360816685379,210.4440645402882,1401576.0108109864
Maru,22784.735668115663,891797.7095035737,444997.8332437843,476.5378791579111,11623.016460704343,22120.373174424723,7565.360816685379,210.4440645402882,1401576.0108109864
PANGEA III,5809.836416331131,4709.557098675336,40949.90741281044,3394.327128435546,10709.7753399078,15491.124467526346,2968.6801657232845,1486.4007799887183,85519.6088093986
AOBA-S,15518.890797328071,367903.44403508597,223510.83430059892,2426.74167753648,1273.3898597941788,28159.609179978426,7193.074125366297,143.87436330179273,646129.8583389902
HiPerGator AI,1496.7751742154041,75925.18838705121,121078.30379072967,769.9346336710548,1275.79248208423,2714.977230204395,1567.249401348536,670.5369862322163,205498.7580855367
SuperMUC-NG Phase 2,15220.906000515062,159601.94001465957,53552.00380356187,672.3048554844586,150.99249192733595,17368.45064284157,4249.187567107114,2270.4021999247207,253086.1875760217
preAlps,163.71853575962717,0.0,830.4563408096975,3136.074312314853,983.9382310622091,2481.2001692763406,681.7199153618274,6.626702637889461,8283.734207222446
Cori,10119.282239559372,513309.1620009178,818576.8646167965,5205.314731528217,8625.27948600275,18355.208811381344,10595.738962826978,4533.314777420834,1389320.1656264337
,10109.554857870158,239665.32778956302,145602.8700890963,1580.865439117521,829.5312346202791,18344.166313109843,4685.823131098852,93.72485362749254,420911.8637081035
,10109.554857870158,239665.32778956302,145602.8700890963,1580.865439117521,829.5312346202791,18344.166313109843,4685.823131098852,93.72485362749254,420911.8637081035
HPC4,19204.798537588544,57298.19483585952,291500.9216238861,4577.420976464315,0.0,46872.1151649021,7482.647574072658,1359.1355015614288,428295.2342143346
Tera-1000-2,13506.700900585467,10948.772830717056,95200.29682363686,7891.1277353095575,24898.073175001457,36013.74803057698,6901.584174592977,3455.5827935655793,198815.88646398595
Carpenter,2825.897553570782,143346.04676339414,228594.70705216457,1453.6293995128303,2408.684294136335,5125.851660959503,2958.9522363822484,1265.967569221355,387979.7365293418
,1117.2954986321743,239494.64724482177,131281.38353643368,237.7692883788674,568.2915721035985,4766.872206629457,1558.7097793725784,126.86532632252045,379151.83445269463
MeluXina - Accelerator Module,16534.276315789477,0.0,5032.1710526315765,575.1052631578946,0.0,12323.68421052631,4600.842105263158,1928.9989035087717,40995.07785087719
Earth Simulator -SX-Aurora TSUBASA,15542.80366251934,368470.3418614518,223855.23935629643,2430.4810135075113,1275.352010340301,28202.999970399836,7204.157843533854,144.09605751299932,647125.4717755622
,25424.301879989693,266591.7458150914,89450.80607777492,1122.987133659541,252.2109193922222,29011.46175637393,7097.647633273242,3792.3754944630437,422743.536710018
JURECA Data Centric Module,8053.933041462785,84451.17118009471,28336.306186731115,355.74086649894,79.89560015055756,9190.276748747001,2248.399152122665,1201.3520939400541,133917.07486974783
Goethe-NHR,4093.8554725727518,42926.96345014759,14403.489768022346,180.8249069910259,40.61134333089002,4671.464807147525,1142.8728207769568,610.6534309316745,68070.73599992075
Aitken,5163.942429484207,261945.35327190778,417725.6551323236,2656.3095054188548,4401.542090584951,9366.79493063154,5407.0817185017795,2313.3831008107686,708980.0621796636
Taiwania 2,1322.9524496393853,283577.64855934907,155445.92111415064,281.53470849468783,672.8951547234158,5644.294880449043,1845.6164223540682,150.2170146019107,448941.0803037622
SNL CTS-2 Stout,3830.7353436650324,194317.29470069782,309878.8286125133,1970.5135843541473,3265.168634871323,6948.511314293774,4011.1018525082054,1716.1226192443014,525938.276662148
Dragão,16339.231991923492,18640.498746459456,24727.04647914971,13687.948409097282,230.25891696345906,8616.856782298959,3282.9748271123663,1455.9922476794068,86980.80840068412
Raven-GPU,7905.057944887972,82890.11073911923,27812.516095802213,349.1650785475146,78.41874839041968,9020.39660056657,2206.83801184651,1179.1453772856037,131441.64859644603
AiMOS,1315.5323811204782,66731.49420599898,106417.07053388402,676.7041299113911,1121.3082303103042,2386.2237441310385,1377.4729647332927,589.3424298607923,180615.14861995028
Dardel GPU,2381.0668429911,7.206299591247896,64.59305121422783,1393.522577542678,510.4169271459484,1450.0480884828,104.61437845635905,350.894061072373,6262.362226496734
Taranis,7106.105697224323,5760.336114839181,50086.499776312405,4151.656882768276,13099.300927817001,18947.447044406767,3631.0411390558393,1818.0410418003928,104600.42862422418
LANTA,5244.197291196386,40681.032957110605,103338.89841986456,258.1598194130921,0.0,880.0902934537095,391.1512415349878,77.9694808126408,150871.49950338597
HoreKa-Green,7523.224774658767,78886.32050951882,26469.105172447948,332.29957170308427,74.63093563660127,8584.689910655914,2100.242467560768,1122.1898406267953,125092.7031828087
42,7397.624517125932,77569.3131797381,26027.203391509338,326.7518294736423,73.3849719685413,8441.36848986707,2065.178914003843,1103.4548782662096,123004.28017195269
Plasma Simulator,17321.18333316886,410630.0563783287,249468.353662026,2708.5722844372503,1421.2754960483844,31429.936557113328,8028.444640901418,160.5832695286676,721168.4056215526
Leonardo-CPU,16271.265560971891,48545.89557468196,246974.15584583743,3878.2199223093903,0.0,39712.3995734633,6339.673157133059,1151.5275536979207,362873.13718809496
Underhill,4183.725865490616,54061.74835722157,91090.04701212788,17882.919797133407,2175.7169040793824,3193.4659316427624,732.172418963611,893.4975082690177,174213.29379492824
Robert,4183.725865490616,54061.74835722157,91090.04701212788,17882.919797133407,2175.7169040793824,3193.4659316427624,732.172418963611,893.4975082690177,174213.29379492824
Belenos,7033.854622551588,5701.768104102181,49577.24708719918,4109.445060395632,12966.114255704031,18754.79955651507,3594.1226585750082,1799.5561747485947,103536.90751979128
Isambard-AI phase 1,3105.817370268152,1328.0954581075973,19648.887471464102,50.07285290810574,197.65851783706427,3008.679546151487,258.69378309312026,378.2949783638283,27976.199978193457
Artemis,,,,,,,,,0.0
JOLIOT-CURIE ROME,6103.0907782381155,4947.274318725517,43016.87420979941,3565.6574663009833,11250.35653848398,16273.046624263228,3118.52576296901,1561.4275933166055,89836.25329209685
Gaia,9944.354020022993,11344.946857735735,15049.330603774635,8330.734569112985,140.13976836142325,5244.375893883708,1998.078241117247,886.1433859614679,52938.1033399702
"Karolina, GPU partition",4901.215463376208,102533.62344447362,4740.780874245206,229.2622525597266,1489.2248884221578,3551.605408243624,597.6494618009963,33.80148595431861,118077.16327907586
,19742.93463816636,207018.60124011963,69461.94338239664,872.0420990907105,195.85134412329853,22528.500326868587,5511.592568790982,2944.923399037223,328276.38899859344
Camphor 3,11471.917719608078,271962.6095608332,165224.30204734043,1793.9027482708593,941.3188021825131,20816.224802912606,5317.2843081962665,106.35520794072083,477633.91519728466
HPCF-AD,17458.90776144413,52089.26803259955,265000.83783989644,4161.291796785741,0.0,42611.013786274634,6802.406885520599,1235.577728692208,389359.30383121327
HPCF-AC,17458.90776144413,52089.26803259955,265000.83783989644,4161.291796785741,0.0,42611.013786274634,6802.406885520599,1235.577728692208,389359.30383121327
HPCF-AB,17458.90776144413,52089.26803259955,265000.83783989644,4161.291796785741,0.0,42611.013786274634,6802.406885520599,1235.577728692208,389359.30383121327
HPCF-AA,17458.90776144413,52089.26803259955,265000.83783989644,4161.291796785741,0.0,42611.013786274634,6802.406885520599,1235.577728692208,389359.30383121327
MareNostrum,8154.252455977729,19348.04819277108,187476.41594068578,2905.4742539388303,4123.711584800741,38950.1983317887,13091.332270620944,4461.878924930489,278511.3119555143
SPR-HBM,2728.2756380837914,138394.0924206587,220697.7989903625,1403.4131111660236,2325.475200338898,4948.776785399083,2856.7338863981345,1222.234144102799,374576.80017650995
LUMI-C,38763.28823897795,19724.95826653303,3953.821906312618,5521.039569138275,6197.010661322645,21466.64954909816,475.0067134268502,2561.458477580159,98663.23338238968
JUWELS Module 1,28537.888230749413,299239.8957982528,100405.3963034133,1260.513718576041,283.0979219081199,32564.34953148833,7966.860833217774,4256.808643198161,474514.8109808039
SQUID - CPU Nodes,13657.15132559124,323767.53429171885,196697.13040818542,2135.615151305856,1120.6263539580254,24781.413108898723,6330.149693638935,126.61432940967524,568616.2346627068
Pleiades,11321.573198714941,574296.3891693436,915833.5217989901,5823.767966957312,9650.065167508026,20536.025699862297,11854.638641578698,5071.926434144101,1554387.9080770991
Narval (GPU),1005.4100236257649,12991.822466530153,21890.259845644974,4297.525075444952,522.8563376909748,767.436194676323,175.95165474877805,214.72041423846247,41865.98201260038
Sawtooth,3678.8048151939633,186610.48996834585,297588.7459079088,1892.3611819112482,3135.6690083665744,6672.926889540006,3852.0178204539816,1648.0595992045276,505079.0751909249
COBRA,34283.20885912953,359483.6367598407,120619.26741813427,1514.283563462033,340.0919194120323,39120.28764436695,9570.769626973593,5113.800243665682,570045.3460349848
,581.3566028351122,124615.01428216149,68308.96503357372,123.71726720431985,295.6962219774752,2480.3220236614798,811.0354183394317,66.01118076526775,197282.1180305183
Shaheen II,0.0,0.0,870387.7618067368,0.0,0.0,611420.1967548252,1389.4619275241616,111.75412902111138,1483309.1746181073
Grete,4311.506670100436,45209.189841320156,15169.25612630995,190.43852374254632,42.77045900275357,4919.824798431029,1203.6340371243487,643.1190251391668,71689.73948117039
Electra,4330.636620891703,219675.2103731422,350317.2322900412,2227.660625127967,3691.26488650404,7855.274473117511,4534.540503124225,1940.0722822395587,594571.8920541885
Snellius Phase 2 CPU,12411.809250920991,45323.54482194019,147757.7650429799,9.41923864101438,313.974621367171,20290.609905853416,6640.563241915677,2179.2128121162505,234926.8989357346
MAHTI,34122.332164328654,17363.376753506986,3480.4483967935807,4860.030060120239,5455.070140280561,18896.543086172318,418.136272545087,2254.786447895791,86850.72332164322
Pangea,17637.762346579515,14297.484974032659,124317.56822469886,10304.650755674847,32513.21701581373,47028.651455913925,9012.452587967544,4512.482250880161,259624.2696115612
"DiRAC, Tursa",6471.337098367916,2767.2436539575365,40940.77638079662,104.33269958090533,411.84485331697834,6268.938975774301,539.0190330164561,788.2222409622132,58291.71493577293
TX-GAIA (Green AI Accelerator),3689.0808062978576,187131.74832021273,298419.9993880985,1897.6471070003859,3144.4278603452517,6691.566350125314,3862.777646768099,1652.66311763806,506489.9105964862
Dhabi Supercomputer,,,,,,,,,0.0
Athena,1624.0150755555528,73368.06627555555,6277.110518518519,49.60893155555554,0.0,2694.0984888888856,510.26329599999974,230.3184971851851,84753.48108325925
Cheyenne,4436.659159106127,225053.29341852883,358893.69007189834,2282.1981572351438,3781.634341794046,8047.5871077064185,4645.55501112013,1987.5690836775275,609128.1863510667
Derecho GPU partition,434.23769407279025,22027.074804015014,35126.6939391158,223.36997945423064,370.12718748896793,787.6570056836225,454.6833604688104,194.53318020498693,59618.37715050423
JEDI,1411.377852176152,14799.292715782802,4965.677608510469,62.340322114146446,14.000970700687397,1610.5116583133577,394.0113171814022,210.52592929733154,23467.73837407635
Wisteria/BDEC-01 (Aquarius),2055.277240481097,48724.073459561325,29601.13172637665,321.3906846503732,168.64408876084082,3729.3776085090344,952.6300385787999,19.054306666929772,85571.57915358506
Atlas,9469.311881993324,10802.998351047385,14330.4235564654,7932.775088476963,133.4452867438793,4993.851874702016,1902.6299739196256,843.8122855380124,50409.2482988866
Advanced Computing System(PreE),1728.211264970253,189126.01032391467,6054.714844935134,1200.4696186621197,209.55698925640542,1772.0176032999216,1126.3591762433664,409.240981903021,201626.5808031849
CRONOS,5208.579973157492,4222.16789403042,36712.026358172334,3043.0502748439026,9601.427192624145,13887.957402112335,2661.4532578630997,1332.5740657641359,76669.23641856787
SNL/NNSA CTS-1 Manzano,2466.2378649345005,125102.00444805308,199500.83524552544,1268.6220213930155,2102.12447488262,4473.470540473748,2582.358315388144,1104.844424047728,338600.4973346983
Noctua 2,18216.021323718767,191007.8376750728,64089.77515402445,804.5985950593312,180.7042532538281,20786.152102854645,5085.327465282593,2717.1638065334096,302887.58037579985
JOLIOT-CURIE SKL,3897.3079691116654,3159.2274026958908,27469.689171578037,2276.955359747912,7184.245783976191,10391.632140981463,1991.426270642467,997.0954756764115,57367.57957441005
Abel,4624.195996752189,234566.25834009954,374064.06608536013,2378.6662901119043,3941.483390404912,8387.757263388276,4841.921841352771,2071.5832950894896,634875.9325025592
Alex,3752.7008498583555,39349.71649596862,13203.198954020483,165.75616474177372,37.22706471998252,4282.176073218565,1047.6334190455436,559.7656450207016,62398.17466659402
Deucalion,6943.709737076641,0.0,43382.5212121212,2144.388128342246,0.0,6444.882352941165,1785.0371122994634,1238.076547459893,61938.61509024061
,50322.83624655013,21518.821711131488,318366.3521619135,811.3187856485715,3202.6149770009197,48748.934682612686,4191.555179392817,6129.425519779207,453291.85926402936
,50322.83624655013,21518.821711131488,318366.3521619135,811.3187856485715,3202.6149770009197,48748.934682612686,4191.555179392817,6129.425519779207,453291.85926402936
Gemini,4972.177010011496,5672.473428867867,7524.665301887318,4165.367284556492,70.06988418071163,2622.187946941854,999.0391205586235,443.0716929807339,26469.0516699851
CLAIX-2023 (GPU segment),3266.0260623229447,34246.58792765308,11490.92176944868,144.25982131183258,32.39921551536278,3726.835476138591,911.7694661146218,487.1715755066462,54305.97131401177
Pratyush,6217.266324000197,834793.6207917068,17278.764599827195,2462.178570455815,397.6552895980476,1633.860704304011,3743.3564136389023,649.2464578992829,867175.9491514303
Snellius Phase 1 GPU,3189.943716741709,11648.548096602526,37975.04011461317,2.420826852230667,80.6942284076953,5214.864510847308,1706.6829308227589,560.0767846909537,60378.27120957835
Niagara,2970.990820601661,38390.88967081427,64685.8093054024,12699.204553787997,1545.04266246653,2267.7771617577455,519.9378749409318,634.4997212159386,123714.15177098749
Fritz,14090.084316250319,147744.47669327838,49573.41231006953,622.356652073139,139.77465876899288,16078.07932011331,3933.498511460211,2101.7249845480296,234283.4074465619
,3850.670766406587,195328.53590331957,311491.4603640813,1980.768279027074,3282.160807709957,6984.671867829271,4031.9759155575935,1725.0534450053535,528675.2973489368
,3850.670766406587,195328.53590331957,311491.4603640813,1980.768279027074,3282.160807709957,6984.671867829271,4031.9759155575935,1725.0534450053535,528675.2973489368
Anvil,2034.6462385709629,103209.15366964378,164588.18907755846,1046.6131676492378,1734.252691778161,3690.613195890842,2130.445610195219,911.4966498393757,279345.410301126
Altair,9186.056888888874,414998.1368888889,35505.76296296297,280.6072888888888,0.0,15238.862222222204,2886.2463999999986,1302.7704296296292,479398.44308148144
Forerunner 1,1019.9410345685094,218626.51248800932,119842.30698831133,217.0514911002943,518.7740348882647,4351.515401286084,1422.8931083241541,115.81103865420774,346114.80558514217
ATOS THX.A.B,365.76044037268264,296.4919414133134,2578.0168485343575,213.69114314057285,674.2379412966096,975.2495769387837,186.89437824590044,93.57692108692692,5383.9191910291465
Pegasus,758.3954021173929,17979.138072638652,10922.790247752859,118.59286558593394,62.22951288097791,1376.1368906078844,351.51960375329287,7.0310215488747,31575.833616885866
Cedar (GPU),1001.7262561033205,12944.22113718695,21810.055126791616,4281.7791778232795,520.9406205701684,764.6243502913806,175.30697747676672,213.9336903449359,41712.58733658842
Topaz,13294.563490662542,674377.9927277862,1075434.1899954104,6838.665584071725,11331.764747414121,24114.802132241293,13920.525293889215,5955.801973382284,1825268.305944858
,897.8647227027166,45544.948494369324,72630.7728315741,461.8577046633947,765.3046916369537,1628.6228686412235,940.1398241959962,402.23242312987594,123271.7435609136
Damson,30081.968721251145,12863.514259429581,190312.9346826127,484.9898804047823,1914.4581416743324,29141.122355105796,2505.626494940198,3664.045998160073,270968.6605335786
LLNL/NNSA CTS-1 MAGMA,2278.7010272884395,115589.03952648239,184330.45923206361,1172.153888516255,1942.2754262717538,4133.30038479189,2385.991485155504,1020.8302126357653,312852.7511832056
HPC2,17851.733186076624,53261.27656333304,270963.3566912941,4254.92086221342,0.0,43569.76159646581,6955.461040444812,1263.3782275877827,398119.88816741563
Fênix,6752.458924815612,7703.495622423485,10218.862536806972,5656.771961075745,95.15832076053715,3561.0591435542055,1356.7438593342479,601.7129723211527,35946.26334109196
Lichtenberg II (Phase 1),14468.1431882565,151708.69074268508,50903.54404801996,639.0554488004909,143.52503021058243,16509.47918936587,4039.0403930347275,2158.1175340240493,240569.59557439727
,16255.461877360729,824572.0710888315,1314949.489643567,8361.7388244431,13855.518459420335,29485.52970664027,17020.83474847318,7282.248266024168,2231782.8926147604
CLAIX-2023 (CPU segment),14184.02240535668,148729.48384476715,49903.916480120446,626.5058816537568,140.70653142891086,16185.27130093702,3959.723005606292,2115.737109986331,235845.3665598566
Thunder,12381.284781303984,628051.1567056165,1001556.5369435519,6368.8789917746235,10553.321777809151,22458.22007272211,12964.245730222043,5546.66427260211,1699880.3092756025
HoreKa-Teal,1040.0288436775686,10905.436320053885,3659.153311277957,45.937898928267174,10.317161591949116,1186.7683591196335,290.3426137601775,155.1342459240476,17293.118754333485
Komondor,1239.430167597765,7019.639776536314,11391.979888268153,16.258860335195415,588.2751284916201,646.6592178770908,975.5316201117316,22.309743016759658,21900.08440223463
Alps,434.6591197630121,0.0,2204.792636479032,8326.016927634362,2612.274312314854,6587.380448582303,1809.909775708843,17.593345323740404,21992.626565806146
Helios CPU,5028.50737777777,227172.6833777778,19436.085925925923,153.60625777777773,0.0,8341.852444444434,1579.9500799999994,713.145019259259,262425.830482963
Numerical Materials Simulator,7723.631972057492,183102.69980562598,111239.61425146274,1207.7705715779805,633.7562885417994,14014.819784708558,3579.9373819695893,71.60515831121546,321573.8352142553
Camphor 2,8359.446004479469,198175.82425432408,120396.92624641099,1307.1949719292347,685.9274876419563,15168.528184231005,3874.6399818452683,77.49973803909184,348045.9868689011
Barnard,11232.730878186965,117783.10960993682,39520.33122684681,496.1478317716276,111.42950533885364,12817.57681412072,3135.817302244498,1675.512410111135,186772.65557855743
Mistral,23400.648982745293,245372.31720121237,82330.94950375403,1033.6027258860115,232.13613581885505,26702.288080191756,6532.708809603993,3490.520533291071,389095.1719725034
Henri,113.21573198714943,5742.963891693437,9158.335217989901,58.237679669573126,96.50065167508026,205.36025699862296,118.546386415787,50.71926434144101,15543.879080770994
"Karolina, CPU partition",7922.5731163034825,165740.54633762143,7663.238514045677,370.59112627986286,2407.258598057232,5740.995011814109,966.0708847466503,54.638435284851475,190865.91202415328
SuperMUC Phase 2,31050.522431109956,325586.638423899,109245.64511975276,1371.4963481843927,308.02343548802435,35431.4957507082,8668.307514808137,4631.601721607004,516293.7307455575
,35754.56853725851,15289.205519779158,226200.51665133392,576.4451149953983,2275.4702483900637,34636.305427782885,2978.116062557492,4354.980386384544,322065.60794848204
,35754.56853725851,15289.205519779158,226200.51665133392,576.4451149953983,2275.4702483900637,34636.305427782885,2978.116062557492,4354.980386384544,322065.60794848204
JFRS-1,7794.1414016635135,184774.25367682608,112255.1263549447,1218.7963706327505,639.5418819745233,14142.761788240834,3612.6188126412153,72.25884544799752,324509.4991323716
SNL/NNSA CTS-1 Attaway,1926.7483319800788,97735.94097504146,155860.02753556674,991.1109542132934,1642.2847460020466,3494.8988597451153,2017.4674338969876,863.1597062872875,264531.63854273304
LLNL/NNSA CTS-1 Jade,34989.74970875822,1774884.6881067532,2830418.100045892,17998.574928513408,29823.890987397164,63467.36329297129,36637.20859956929,15674.980266177141,4803894.555936032
LLNL CTS-1 Quartz,34989.74970875822,1774884.6881067532,2830418.100045892,17998.574928513408,29823.890987397164,63467.36329297129,36637.20859956929,15674.980266177141,4803894.555936032
Cedar (CPU),2559.2490155929995,33070.39722790988,55721.17309812567,10939.255189793668,1330.9192628760431,1953.491888486366,447.8810521341911,546.5660733973847,106568.9328083162
AlphaCentauri,3431.466134432139,35981.34382614553,12072.992729649952,151.56728144376862,34.04039303472727,3915.6177816517747,957.9550149567146,511.8491803522256,57056.83234166683
Conesus,1051.3623398171296,53331.24512538096,85047.62169190758,540.8162106823871,896.1400430684502,1907.049811134251,1100.8647297631228,470.99747973076325,144346.09743148464
Mihir,4386.401925402709,588963.083569287,12190.503407693457,1737.1147155851413,280.5535161339492,1152.7204024594257,2641.0105220793725,458.05596295543427,611809.4440215965
Spartan2,449.48668572873476,364.3619303261913,3168.150847094976,262.6071961253426,828.5777907451711,1198.4940187897487,229.67638209721625,114.99761996459902,6616.35247087198
,4894.650626042162,116036.56770234134,70495.20866691004,765.3931473789102,401.6265437933513,8881.52706929382,2268.692088287238,45.377904362068435,203789.04374840893
,4894.650626042162,116036.56770234134,70495.20866691004,765.3931473789102,401.6265437933513,8881.52706929382,2268.692088287238,45.377904362068435,203789.04374840893
PAI-BSystem,3229.026310865473,353367.0192894195,11312.75668395775,2242.982708552908,391.5406904527574,3310.8749956393267,2104.513197717869,764.6344661872234,376723.34834279283
cascade,3555.4929219472383,180355.3897459432,287613.7041456325,1828.9300808415976,3030.5627846224434,6449.25336251632,3722.8999046845743,1592.8173780021411,488149.05032419
occigen2,6077.590398941856,4926.603256112458,42837.13796658298,3550.7591760518153,11203.349477738226,16205.05339324263,3105.495711034599,1554.9035225924413,89460.89290229701
Excalibur,3765.5855600663463,191012.5167498617,304608.6815481107,1937.000819289015,3209.6375133265065,6830.337134182927,3942.884553676702,1686.9363123757068,516993.5801908896
CLAIX (2018),14511.128251352042,152159.41946155825,51054.77921511915,640.9540918005504,143.95144515541097,16558.52909130529,4051.0404405792506,2164.5293324947,241284.33132936462
Centennial,2145.1131429378206,108812.68095221285,173524.16398959764,1103.4368623574667,1828.4103505489452,3890.9873971828947,2246.1137430719796,960.9844729998467,294511.89091090945
Greene-H100,132.79149504006702,6735.961051999857,10741.873097751259,68.30736696438018,113.18626469446104,240.86842941363332,139.0438555441804,59.488966957319846,18231.520528365156
PAI-ASystem,3365.464042310493,368298.0201044654,11790.760487505262,2337.7566258157067,408.08466328878944,3450.7711222156368,2193.4362905791872,796.9429647585146,392641.23630093905
Cannon2-A100,224.3248857980006,11379.069821254161,18146.263472540915,115.39174469587303,191.20573869453162,406.8994245772579,234.88700843717993,100.49480740400793,30798.536903401928
NVIDIA DGX SuperPOD,231.055659971051,11720.494041726974,18690.734502065163,118.85402562925815,196.94278674056545,419.10827126063424,241.93469467292675,103.51011197797152,31722.634094044544
Ares,5394.730755555547,243717.54275555554,20851.605185185188,164.79331555555552,0.0,8949.384888888879,1695.016959999999,765.0829718518515,281538.15683259256
HoreKa-Blue,10369.045634818436,108726.76037560175,36481.61096693674,457.9989999801895,102.86168505715236,11832.032686859879,2894.7041518255114,1546.6821764496124,172411.69667752925
Makman-3,0.0,0.0,186731.03711308964,0.0,0.0,131172.7168761234,298.09204373136566,23.975480044049302,318225.8215129884
Champollion,255.853805605804,207.39966155102795,1803.3536402715354,149.47951216665683,471.6375094824065,682.1987512400044,130.73485440858943,65.4581762657797,3766.1159109918044
VSC-5,6327.473118279566,379.13978494621506,27073.817204301078,7359.010752688173,0.0,14610.752688172028,1908.6451612903206,713.3915770609319,58372.23028673831
Taiwania 3,935.3095001243416,200485.56453618497,109898.16513305146,199.04123352399847,475.72777915941276,3990.44018900769,1304.8258642128812,106.20139890574436,317395.27563417045
Wilkes-3,1969.9179869842244,842.3673447136161,12462.644205935465,31.759566595113874,125.36830828989062,1908.3066544004905,164.08097311663062,239.94008450032368,17744.385124535755
MeluXina - Cluster Module,15981.792105263161,0.0,4864.023684210524,555.8884210526313,0.0,11911.8947368421,4447.107368421052,1864.5424122807017,39625.248728070175
Béluga,775.5300047251515,10021.332493306027,16885.20396912899,3314.92581508899,403.30886753819493,591.9672389352623,135.72153094975488,165.62608284769232,32293.616002520062
SSC-21 Scalable Module,712.0921180742096,27871.384118920854,13907.532403653588,14.893254530356923,363.25452840326284,691.328774483462,236.44047867923572,6.577015500089529,43803.502692245056
Cumulus,14059.473917339601,6012.048110668146,88946.96241779959,226.67075539200582,894.7643872022895,13619.748543391595,1171.0600020443605,1712.4729973764008,126643.20113121398
Tethys,183.68334098210082,9317.49303962062,14858.655958390696,94.48591096833397,156.56447911886178,333.1803579623676,192.33189536484616,82.28789199938808,25218.68287440722
Makman-2,0.0,0.0,348277.9540892165,0.0,0.0,244654.37654198016,555.9808841963301,44.717424950578796,593533.0289403435
,3365.464042310493,368298.0201044654,11790.760487505262,2337.7566258157067,408.08466328878944,3450.7711222156368,2193.4362905791872,796.9429647585146,392641.23630093905
MN-3,595.475040206805,14116.815498613727,8576.329634636066,93.1164550917109,48.86121616954932,1080.5117857741882,276.0052996023718,5.520600240747498,24792.635530335163
Marvin (Scalable GPU Partition),1902.6656708730357,19950.7921710018,6694.184908575843,84.04042235385006,18.87458150914239,2171.116147308781,531.1630800927118,283.8080942570177,31636.645075972185
Rockfish,1156.0489991880472,58641.564585024884,93516.01652134003,594.6665725279761,985.370847601228,2096.939315847069,1210.4804603381926,517.8958237723724,158718.9831256398
,7390.377119938582,808762.5441483193,25891.872692156827,5133.587185068276,896.1318619517336,7577.70685621677,4816.66752998808,1750.0436726116031,862218.9310662511
Lise GPU-X,2793.6097347411783,29292.969373402797,9828.810396402463,123.39327165752088,27.71281126805202,3187.765090433644,779.8860167594445,416.70434646090445,46450.85104112601
Phoenix - 2022,193.16485867074007,26136.845079850118,5239.59679144385,94.54280039288435,0.0,814.3518498308385,562.8176099530721,95.23142511550068,33136.55041525701
HSUper,8276.197270151943,86781.76845817071,29118.30266051229,365.5582400602229,82.10047742625636,9443.900631945953,2310.4481784504446,1234.505783593177,137612.781700311
